name,placeDescription,cultureDescription,peopleDescription,hotelsDescription,placeURL,cultureURL,peopleURL,hotelsURL
Hà Nội,"'Hà Nội - Trái tim ngàn năm văn hiến' - Thủ đô không chỉ là trung tâm chính trị mà còn là một bảo tàng sống của lịch sử Việt Nam. Du khách sẽ lạc bước trong không gian trầm mặc của Hồ Gươm và đền Ngọc Sơn, nơi mỗi bước đi đều kể một câu chuyện. Trải nghiệm không thể thiếu là dạo quanh 36 phố phường của Khu Phố Cổ, nơi hơi thở truyền thống len lỏi qua từng mái nhà rêu phong, bạn sẽ thấy sự giao thoa kiến trúc Đông - Tây tại Nhà thờ Lớn và các công trình thời Pháp thuộc. Khám phá Hoàng Thành Thăng Long và Văn Miếu – Quốc Tử Giám để cảm nhận rõ tinh hoa giáo dục và vương triều.","'Nét tinh tế và chiều sâu văn hóa' - Văn hóa Hà Nội thể hiện sự thanh lịch qua từng chi tiết. Nơi đây là cái nôi của nghệ thuật truyền thống như Múa rối nước tại Nhà hát Thăng Long, các loại hình sân khấu cổ như Chèo, Tuồng. Ẩm thực là một nghệ thuật đỉnh cao, không chỉ nổi tiếng với Phở hay Bún Chả trứ danh toàn cầu mà còn là văn hóa cà phê vỉa hè, đặc biệt là Cà phê trứng béo ngậy. Văn hóa ẩm thực đường phố và các phiên chợ truyền thống vẫn được duy trì, mang lại trải nghiệm khám phá đầy thú vị về nếp sống xưa.","'Thanh lịch, tinh tế và trọng nề nếp' - Người Hà Nội thường được biết đến với phong thái thanh lịch, nói năng chuẩn mực và giữ gìn lễ nghi. Họ rất tôn trọng các giá trị lịch sử và truyền thống của thủ đô. Dù nhịp sống hiện đại diễn ra nhanh chóng, họ vẫn dành thời gian cho những thú vui tao nhã như uống trà, đọc sách hay tản bộ quanh Hồ Tây, tạo nên một cộng đồng vừa cổ kính vừa hiện đại, luôn sẵn sàng chào đón và chia sẻ những câu chuyện về quá khứ hào hùng.","'Đa dạng và đẳng cấp quốc tế' - Là thủ đô, Hà Nội sở hữu hệ thống lưu trú cực kỳ phong phú và đa dạng, phục vụ mọi đối tượng khách. Du khách có thể lựa chọn nghỉ dưỡng tại các khách sạn 5 sao mang tính biểu tượng, kiến trúc cổ điển (như các khách sạn di sản Pháp) nằm ngay trung tâm Hồ Gươm, hoặc trải nghiệm không gian ấm cúng, độc đáo của các khách sạn boutique và homestay nằm sâu trong lòng Phố Cổ, mang lại cảm giác gần gũi với đời sống địa phương.","https://static.vinwonders.com/production/gioi-thieu-ve-ha-noi-banner.jpg","https://hnm.1cdn.vn/2022/01/31/nhipsonghanoi.hanoimoi.com.vn-uploads-album-20220131-_c88ad0dc-2521-4b9a-ac89-cb2e6141b78a.jpg","https://hoanghamobile.com/tin-tuc/wp-content/uploads/2024/04/anh-ha-noi-23.jpg","https://dynamic-media-cdn.tripadvisor.com/media/photo-o/16/81/a5/68/pullman-hanoi-night-facade.jpg?w=900&h=500&s=1"
Đà Nẵng,"'Đà Nẵng - Thành phố trẻ năng động và đáng sống' - Đà Nẵng quyến rũ du khách bởi sự kết hợp hoàn hảo giữa bãi biển tuyệt đẹp và cơ sở hạ tầng hiện đại. Điểm nhấn là bãi biển Mỹ Khê cát trắng, nắng vàng, lý tưởng cho các hoạt động thể thao nước. Khám phá khu du lịch Bà Nà Hills với Cầu Vàng ấn tượng, mang đến trải nghiệm khí hậu bốn mùa trong một ngày. Ngoài ra, chiêm ngưỡng các cây cầu kiến trúc độc đáo bắc qua sông Hàn, đặc biệt là Cầu Rồng với màn phun lửa/nước hoành tráng vào cuối tuần. Vị trí trung tâm cho phép dễ dàng kết nối đến Huế và Hội An.","'Sự giao thoa văn hóa biển và di sản Chăm' - Văn hóa Đà Nẵng mang đậm dấu ấn của một thành phố biển hiện đại, nhưng vẫn lưu giữ giá trị lịch sử. Bảo tàng Chăm là nơi trưng bày bộ sưu tập điêu khắc Chăm lớn nhất thế giới, thể hiện sự ảnh hưởng văn hóa sâu sắc tại khu vực. Văn hóa ẩm thực đường phố sôi động với hải sản tươi ngon và các món đặc sản miền Trung như Mì Quảng và Bánh xèo, phản ánh lối sống cởi mở và phóng khoáng. Thành phố thường tổ chức các sự kiện lớn tầm cỡ quốc tế như Lễ hội Pháo hoa.","'Thân thiện, văn minh và nhiệt huyết' - Người Đà Nẵng được biết đến với sự thân thiện, cởi mở và văn minh. Họ có tác phong làm việc chuyên nghiệp, năng động, góp phần tạo nên một thành phố xanh, sạch, đẹp và trật tự. Sự hiếu khách của người dân là yếu tố quan trọng thu hút du khách, mang lại cảm giác thoải mái và an toàn. Họ rất tự hào về thành phố của mình và luôn sẵn lòng hướng dẫn du khách khám phá những điều thú vị nhất.","'Thiên đường nghỉ dưỡng sang trọng' - Đà Nẵng là trung tâm nghỉ dưỡng hàng đầu khu vực, sở hữu chuỗi resort, villa và khách sạn cao cấp trải dài dọc bờ biển từ Sơn Trà đến Non Nước. Các thương hiệu khách sạn quốc tế lớn đã tạo nên một khu vực nghỉ dưỡng đẳng cấp, phục vụ cả du lịch cá nhân và du lịch hội nghị (MICE). Các khu vực ven sông và trung tâm thành phố cũng có nhiều lựa chọn khách sạn tiện nghi, hiện đại với tầm nhìn đẹp.","https://vcdn1-dulich.vnecdn.net/2022/06/03/cauvang-1654247842-9403-1654247849.jpg?w=1200&h=0&q=100&dpr=1&fit=crop&s=Swd6JjpStebEzT6WARcoOA","https://bvhttdl.mediacdn.vn/291773308735864832/2024/6/28/lehoi1wonk-1719558742476-1719558745011230366460.jpg","https://bizweb.dktcdn.net/100/115/245/files/3-247fba0d-c51e-416c-9630-d44b74ea1536.jpg?v=1582012899790","https://katahome.com/wp-content/uploads/2018/12/top-14-khach-san-5-sao-da-nang-sang-chanh-nhat-nam-2018.jpg"
TP Hồ Chí Minh,"'TP. Hồ Chí Minh - Thành phố không ngủ và nhịp đập kinh tế' - Là đô thị lớn nhất cả nước, Sài Gòn mang một vẻ đẹp sôi động, đa sắc màu và không bao giờ ngừng nghỉ. Du khách sẽ được chiêm ngưỡng các công trình lịch sử mang tính biểu tượng như Nhà thờ Đức Bà và Bưu điện Trung tâm cùng với các tòa nhà chọc trời hiện đại như Landmark 81 và Bitexco. Trải nghiệm khám phá các bảo tàng lịch sử (Dinh Độc Lập, Bảo tàng Chứng tích Chiến tranh) song song với việc mua sắm tại các trung tâm thương mại sầm uất. Cuộc sống về đêm ở các khu phố Tây luôn nhộn nhịp, tạo nên sức hấp dẫn khó cưỡng.","'Văn hóa cởi mở, giao thoa và phóng khoáng' - Văn hóa Sài Gòn là sự hòa quyện của nhiều vùng miền và các nền văn hóa quốc tế. Đây là cái nôi của nghệ thuật sân khấu phía Nam, đặc biệt là Cải lương và kịch nói. Nền ẩm thực đường phố là một điểm nhấn văn hóa lớn nhất, nơi du khách có thể tìm thấy mọi món ăn từ khắp Việt Nam và thế giới, phản ánh sự đa dạng và sáng tạo không giới hạn. Lối sống nhanh nhẹn, linh hoạt và tinh thần khởi nghiệp mạnh mẽ đã tạo nên bản sắc độc đáo của thành phố này.","'Hào sảng, bộc trực và năng động' - Người Sài Gòn nổi tiếng với tính cách hào sảng, chân thành và dễ gần. Họ có tinh thần làm việc hăng say, thích nghi nhanh chóng với cái mới và luôn sẵn lòng giúp đỡ người khác. Lối sống thực tế, bộc trực nhưng vô cùng nồng nhiệt, tạo cảm giác thoải mái và thân thiện ngay cả với những du khách lần đầu ghé thăm một siêu đô thị lớn.","'Hệ sinh thái lưu trú phong phú cho mọi nhu cầu' - Với vị thế là trung tâm kinh tế, thành phố có một hệ thống lưu trú khổng lồ, từ các khách sạn sang trọng, 5 sao của các thương hiệu quốc tế tại Quận 1, phục vụ khách công tác và du lịch cao cấp, đến các chuỗi khách sạn boutique, căn hộ dịch vụ và hostel chất lượng cao tại các khu vực lân cận. Sự đa dạng về phân khúc và vị trí đáp ứng mọi mục đích lưu trú, từ nghỉ dưỡng ngắn ngày đến công tác dài hạn.","https://cafefcdn.com/203337114487263232/2025/2/2/lanmark-813-09024311-1738458964443-1738458965737485423783.jpg","https://media.baovanhoa.vn/zoom/1000/uploaded/huynhthithuytrang/2024_07_22/1_cuong_SUXC.jpg","https://vanchuongthanhphohochiminh.vn/upload/65a0a60440a0882.jpg","https://www.vietnambooking.com/wp-content/uploads/2021/06/khach-san-5-sao-sai-gon-23.jpg"
Đà Lạt,"'Đà Lạt - Thành phố ngàn hoa và sự lãng mạn bất tận' - Nằm trên cao nguyên, Đà Lạt cuốn hút du khách bởi khí hậu mát mẻ, cảnh quan đồi thông, hồ nước (Hồ Xuân Hương, Hồ Tuyền Lâm) và những thảm hoa rực rỡ quanh năm. Du khách có thể trải nghiệm săn mây vào sáng sớm tại Đồi Chè Cầu Đất, khám phá các công trình kiến trúc Pháp cổ điển (Dinh Bảo Đại, Nhà thờ Con Gà) và tản bộ qua những con dốc lãng mạn. Đà Lạt còn là thiên đường của những quán cà phê độc đáo, sáng tạo với view tuyệt đẹp.","'Nét giao thoa kiến trúc Châu Âu và văn hóa Tây Nguyên' - Văn hóa Đà Lạt là sự kết hợp hài hòa giữa nét kiến trúc cổ điển lãng mạn của Pháp và văn hóa bản địa của người K'ho, Lạch. Các lễ hội hoa quy mô lớn hàng năm đã làm nên thương hiệu cho thành phố. Nơi đây vẫn giữ gìn được nghệ thuật truyền thống như cồng chiêng Tây Nguyên tại các vùng ngoại ô. Ẩm thực Đà Lạt nổi tiếng với những món ăn phù hợp với khí hậu lạnh như Lẩu gà lá é, Bánh tráng nướng và các sản phẩm nông nghiệp sạch như dâu tây, Atiso.","'Hiền hòa, thanh lịch và mến khách' - Người Đà Lạt nổi tiếng với tính cách dịu dàng, thanh lịch và hiền hòa. Lối sống chậm rãi, lãng mạn của thành phố đã định hình nên sự mến khách và sự tinh tế trong cách đối xử. Họ rất yêu quý và tự hào về vẻ đẹp thiên nhiên nơi mình sinh sống, luôn cố gắng giữ gìn không gian xanh và trong lành cho thành phố.","'Độc đáo và đa dạng trong kiến trúc' - Hệ thống lưu trú Đà Lạt vô cùng phong phú, từ những khách sạn cổ điển mang kiến trúc Pháp, các khu nghỉ dưỡng (resort) ẩn mình giữa đồi thông mang lại không gian tĩnh lặng, đến các homestay và farmstay sáng tạo, độc đáo. Du khách có thể tìm thấy nhiều lựa chọn nghỉ dưỡng với thiết kế ấn tượng, từ phong cách retro, vintage đến hiện đại, phục vụ hoàn hảo cho du lịch cặp đôi và gia đình.","https://storage.googleapis.com/blogvxr-uploads/2025/03/e972a775-ho-xuan-huong-da-lat-1273469.jpg","https://lh4.googleusercontent.com/proxy/AXWVATW_DPiQDZ6strGeltZRBTaG7ww5kI7_yvGpUvYX6zk4Ju1H3ApCw0R9ANavaFtrZ4AHpcEQ4GFWdQ","https://i0.wp.com/berryland.vn/wp-content/uploads/2024/07/Brief-Con-nguoi-da-lat_Img2.png?resize=600%2C400&ssl=1","https://motogo.vn/wp-content/uploads/2020/02/khach-san-o-da-lat-48.jpg"
Phú Quốc,"'Phú Quốc - Đảo Ngọc giữa đại dương xanh' - Phú Quốc là hòn đảo lớn nhất Việt Nam, nổi tiếng với những bãi biển hoang sơ, cát trắng mịn như kem tại Bãi Sao, Bãi Khem. Hòn đảo là thiên đường cho các hoạt động khám phá biển như lặn biển ngắm san hô rực rỡ. Du khách có thể khám phá phía Bắc đảo với Vườn Quốc gia Phú Quốc và trải nghiệm phía Nam với tổ hợp giải trí hiện đại, bao gồm cáp treo vượt biển dài nhất thế giới. Hoàng hôn tuyệt đẹp trên Dinh Cậu là một khoảnh khắc không thể bỏ lỡ.","'Nền văn hóa biển đảo đặc trưng và lịch sử bi tráng' - Văn hóa Phú Quốc gắn liền với nghề đánh bắt và nuôi trồng hải sản, đặc biệt là nghề sản xuất Nước mắm Phú Quốc truyền thống nổi tiếng toàn thế giới. Hòn đảo còn là nơi lưu giữ những giá trị lịch sử sâu sắc tại Nhà tù Phú Quốc, nơi ghi dấu những hy sinh anh dũng. Khám phá các khu nuôi cấy ngọc trai và vườn tiêu sẽ mang lại cái nhìn chân thật về cuộc sống và kinh tế địa phương.","'Phóng khoáng, chất phác của miền biển và tinh thần hội nhập' - Người dân Phú Quốc, đặc biệt là ngư dân, mang tính cách chất phác, thật thà và hào sảng của người miền biển. Với sự phát triển du lịch nhanh chóng, người dân địa phương cũng trở nên năng động, chuyên nghiệp hơn trong dịch vụ, nhưng vẫn giữ được nét giản dị, mến khách, tạo nên sự kết hợp hài hòa giữa truyền thống và hiện đại.","'Thiên đường resort và khu nghỉ dưỡng đẳng cấp' - Phú Quốc là điểm đến nghỉ dưỡng hàng đầu, nơi tập trung các chuỗi resort và villa sang trọng, biệt lập của các thương hiệu quốc tế dọc theo bờ biển phía Tây và Nam. Du khách có thể tận hưởng không gian riêng tư, tiện nghi đẳng cấp và dịch vụ hoàn hảo. Bên cạnh đó, các khách sạn trung tâm và homestay cũng cung cấp nhiều lựa chọn chất lượng cao, dễ dàng kết nối với các khu chợ đêm và điểm tham quan.","https://www.vietnambooking.com/wp-content/uploads/2022/05/kinh-nghiem-du-lich-phu-quoc-cho-gia-dinh-1.jpg","https://file3.qdnd.vn/data/images/0/2023/10/13/upload_2085/a2.jpg","https://statics.vinpearl.com/phu-quoc-noi-tieng-ve-gi-9_1671610052.jpeg","https://statics.vinpearl.com/khach-san-phu-quoc-%205%20sao-%2005.jpg"
Nha Trang,"'Nha Trang - Hòn ngọc Viễn Đông và thiên đường lặn biển' - Nha Trang là một trong những thành phố biển quyến rũ nhất Việt Nam với bãi biển cát vàng hình vòng cung tuyệt đẹp và khí hậu ôn hòa quanh năm. Khám phá các hòn đảo như Hòn Mun (khu bảo tồn biển) để lặn biển ngắm san hô rực rỡ hoặc trải nghiệm giải trí tại Vinpearl Land trên Hòn Tre. Thành phố còn thu hút bởi Tháp Bà Ponagar cổ kính, một di tích lịch sử và văn hóa Chăm Pa quan trọng. Du khách còn có thể tận hưởng liệu pháp tắm bùn khoáng độc đáo, mang lại sự thư giãn tuyệt đối.","'Dấu ấn Chăm Pa và tinh hoa hải dương học' - Văn hóa Nha Trang là sự pha trộn thú vị giữa di sản Chăm cổ đại (thể hiện rõ nét qua các tháp cổ) và văn hóa biển hiện đại. Viện Hải dương học là nơi lưu giữ và nghiên cứu sinh vật biển hàng đầu, thể hiện sự quan tâm sâu sắc đến đại dương. Ẩm thực Nha Trang vô cùng đa dạng với hải sản tươi ngon được chế biến theo phong cách tinh tế, cùng các món ăn truyền thống địa phương như Bún chả cá và Nem nướng Ninh Hòa, mang đậm hương vị miền Trung.","'Năng động, thân thiện và nồng nhiệt' - Người dân Nha Trang nổi tiếng với sự năng động, cởi mở và tinh thần hiếu khách. Họ sống chan hòa, gắn bó với biển và du lịch. Sự phát triển mạnh mẽ của ngành dịch vụ đã tạo nên một cộng đồng chuyên nghiệp, luôn sẵn sàng chào đón du khách quốc tế và nội địa, mang lại trải nghiệm du lịch trọn vẹn và thoải mái.","'Tập trung và tiện nghi hướng biển' - Hệ thống lưu trú tại Nha Trang rất phát triển, đặc biệt là dọc theo con đường Trần Phú ven biển. Du khách có thể lựa chọn từ những khách sạn cao tầng hiện đại với tầm nhìn trực diện ra biển, các resort sang trọng trên đảo (như Hòn Tre) mang lại sự riêng tư tuyệt đối, hoặc các khách sạn boutique nằm ở trung tâm thành phố, tiện lợi cho việc di chuyển và khám phá ẩm thực.","https://statics.vinpearl.com/kinh-nghiem-du-lich-nha-trang-2_1689411065.jpg","https://greenbeachhotel.vn/wp-content/uploads/2025/06/van-hoa-nha-trang-7.jpg","https://www.dulichvtv.vn/wp-content/uploads/con-nguoi-nha-trang.jpg","https://static.vinwonders.com/production/khach-san-nha-trang-5-sao-0.jpg"
Hội An,"'Hội An - Dòng chảy thời gian ngưng đọng' - Phố cổ Hội An là một Di sản Văn hóa Thế giới được bảo tồn gần như nguyên vẹn, mang đến không gian cổ kính, lãng mạn. Du khách sẽ đắm chìm trong vẻ đẹp của những ngôi nhà mái ngói âm dương, các hội quán cổ và Chùa Cầu huyền thoại. Trải nghiệm thú vị nhất là đi dạo bộ hoặc xe đạp, tham gia các lớp học nấu ăn truyền thống, may đo quần áo nhanh và thả đèn hoa đăng trên sông Hoài vào buổi tối. Hội An còn gần biển An Bàng yên tĩnh, mang lại sự kết hợp hoàn hảo giữa phố cổ và nghỉ dưỡng biển.","'Hội tụ của Đông Á và bản sắc Việt' - Văn hóa Hội An là sự giao thoa độc đáo giữa Việt Nam, Nhật Bản và Trung Hoa từ thế kỷ 17. Nơi đây vẫn duy trì các nghề thủ công truyền thống như làm đèn lồng, gốm sứ và nghề mộc. Sự kiện Đêm Phố Cổ hàng tháng, khi toàn bộ đèn điện được tắt và thay bằng ánh đèn lồng rực rỡ, là một trải nghiệm văn hóa tuyệt vời. Ẩm thực Hội An tinh tế với các món đặc trưng như Cao Lầu, Bánh Mỳ Phượng và Món Hoành Thánh.","'Hiền hòa, thân thiện và giữ gìn nét đẹp truyền thống' - Người Hội An có tính cách hiền hòa, trầm lắng và rất tôn trọng di sản. Họ duy trì lối sống chậm rãi, bình dị và chân thành trong giao tiếp. Người dân địa phương nhiệt tình chia sẻ câu chuyện về lịch sử phố cổ, mang lại cảm giác thân thuộc, ấm áp cho du khách. Họ là những nghệ nhân tài hoa, góp phần lớn vào việc bảo tồn giá trị văn hóa vật thể và phi vật thể của di sản.","'Trải nghiệm nghỉ dưỡng mang đậm dấu ấn di sản' - Hệ thống lưu trú tại Hội An rất đa dạng, từ các khách sạn boutique mang kiến trúc cổ kính nằm ngay trong lòng phố cổ, cho phép du khách hòa mình vào không gian di sản, đến các khu nghỉ dưỡng (resort) sang trọng ven sông Thu Bồn và khu vực bãi biển An Bàng. Các cơ sở lưu trú thường chú trọng vào thiết kế gần gũi với thiên nhiên và mang lại không gian thư giãn, yên tĩnh tuyệt đối.","https://cdn3.ivivu.com/2023/10/du-lich-hoi-an-ivivu-img1.jpg","https://thoibaonganhang.vn/stores/news_dataimages/2024/012024/03/14/anh-420240103143635.jpg?rt=20240103143638","https://static.vinwonders.com/2022/10/van-hoa-hoi-an-1.jpg","https://dynamic-media-cdn.tripadvisor.com/media/photo-o/11/fc/0d/0f/outdoor-pool.jpg?w=1200&h=-1&s=1"
Vũng Tàu,"'Vũng Tàu - Cửa ngõ du lịch biển và tâm linh phía Nam' - Vũng Tàu là thành phố biển gần TP. Hồ Chí Minh nhất, là lựa chọn lý tưởng cho các chuyến đi cuối tuần. Nổi bật với Tượng Chúa Kitô Vua khổng lồ trên đỉnh Núi Nhỏ, nơi du khách có thể phóng tầm mắt bao quát toàn thành phố. Khám phá Hải đăng Vũng Tàu cổ kính và thư giãn tại các bãi biển Bãi Trước, Bãi Sau sôi động. Du lịch Vũng Tàu còn gắn liền với các di tích tâm linh và các khu vực check-in độc đáo như Hồ Đá Xanh.","'Văn hóa biển và di sản của người dân chài' - Văn hóa Vũng Tàu chịu ảnh hưởng của văn hóa biển truyền thống và sự phát triển của ngành dầu khí. Lễ hội Nghinh Ông là một trong những lễ hội dân gian lớn nhất của ngư dân. Ẩm thực đặc trưng với các món hải sản phong phú và nổi tiếng nhất là Bánh khọt Vũng Tàu, món ăn vặt được yêu thích. Nơi đây cũng là trung tâm của các hoạt động thể thao biển và du lịch sinh thái.","'Thẳng thắn, nhiệt tình và gần gũi' - Người Vũng Tàu mang nét hào sảng, bộc trực của người miền biển và sự hiếu khách của một trung tâm du lịch. Họ sống thực tế, nhanh nhẹn nhưng vẫn giữ được sự bình dị và sẵn lòng chia sẻ về cuộc sống, nghề nghiệp của mình. Tinh thần cộng đồng và sự chuyên nghiệp trong dịch vụ du lịch đang ngày càng được nâng cao.","'Tiện lợi và đa dạng cho du lịch cuối tuần' - Hệ thống khách sạn tại Vũng Tàu tập trung chủ yếu dọc theo các bãi biển lớn, cung cấp đa dạng các lựa chọn từ khách sạn 3-4 sao hiện đại, căn hộ dịch vụ cho gia đình đến các resort cao cấp, biệt lập. Do là điểm đến cuối tuần, các cơ sở lưu trú thường được đầu tư để mang lại tiện nghi tối đa, đảm bảo du khách có thể tận hưởng kỳ nghỉ ngắn ngày một cách trọn vẹn.","https://bariavungtautourism.com.vn/wp-content/uploads/2023/12/kinh-nghiem-du-lich-vung-tau-1.jpg","https://images.baodantoc.vn/uploads/2023/3/5/1676512065980/A%CC%89nh%201%20-%20Le%CC%82%CC%83%20Nghinh%20O%CC%82ng%20Tha%CC%86ng%20Tam%20Vu%CC%83ng%20Ta%CC%80u.jpg","https://www.dulichvtv.com/wp-content/uploads/2018/07/Van-hoa-cua-nguoi-Vung-Tau.jpg","https://viashotels.com/wp-content/uploads/2022/05/Rectangle-2765.jpg"
Sa Pa,"'Sapa - Vẻ đẹp hùng vĩ của Tây Bắc và văn hóa bản địa' - Sapa là thị trấn trên núi nổi tiếng với cảnh quan thiên nhiên ngoạn mục của Ruộng bậc thang uốn lượn và đỉnh Fansipan cao nhất Đông Dương. Du khách có thể trekking qua các bản làng dân tộc (Cát Cát, Tả Van) để khám phá đời sống địa phương, săn mây và ngắm nhìn thung lũng Mường Hoa. Sapa mang vẻ đẹp bốn mùa trong một ngày, từ sương mù buổi sáng đến nắng ấm buổi trưa và cái lạnh se sắt buổi tối.","'Bản sắc đa sắc màu của các dân tộc thiểu số' - Văn hóa Sapa là sự hội tụ phong phú của các dân tộc như H'Mông, Dao, Tày, Giáy. Nổi bật là nghề dệt thổ cẩm, trang phục truyền thống rực rỡ và các phong tục tập quán độc đáo. Chợ phiên Sapa là nơi giao lưu văn hóa, mua bán sản phẩm thủ công và ẩm thực vùng cao. Ẩm thực Sapa đặc trưng với các món như Thắng Cố, Lẩu cá hồi và các loại rau rừng tươi ngon.","'Chất phác, hiền lành và mến khách' - Người dân Sapa, đặc biệt là các dân tộc thiểu số, nổi tiếng với sự chất phác, thật thà và nhiệt tình chào đón khách. Họ có ý thức cao trong việc bảo tồn văn hóa và cảnh quan thiên nhiên. Tinh thần tự lực và sự gắn bó với đất rừng tạo nên một cộng đồng mạnh mẽ, luôn sẵn sàng chia sẻ cuộc sống bình dị của mình.","'Hòa mình vào thiên nhiên và văn hóa' - Sapa có hệ thống lưu trú đa dạng, từ các khách sạn kiểu Châu Âu cổ kính nằm ngay trung tâm, mang lại sự tiện nghi, đến các resort nghỉ dưỡng cao cấp có tầm nhìn thẳng ra thung lũng hoặc núi non. Đặc biệt, các homestay trong bản làng là lựa chọn tuyệt vời để du khách trải nghiệm sâu hơn về văn hóa và lối sống của người dân địa phương.","https://vcdn1-dulich.vnecdn.net/2022/04/18/dulichSaPa-1650268886-1480-1650277620.png?w=0&h=0&q=100&dpr=2&fit=crop&s=JTUw8njZ_Glkqf1itzjObg","https://kadbus.com/wp-content/uploads/2023/11/van-hoa-sapa-1.jpg","https://www.dulichvtv.com/wp-content/uploads/2018/06/Van-hoa-va-con-nguoi-Sapa.jpg","https://cms.haivan.com/images/20200629/nhung-khach-san-sapa-sang-trong-bac-nhat-khong-the-bo-qua.jpg"
Cần Thơ,"'Cần Thơ - Tây Đô của miền sông nước' Cần Thơ là trung tâm của Đồng bằng Sông Cửu Long, nổi tiếng với nét văn hóa sông nước độc đáo. Trải nghiệm không thể thiếu là đi thuyền khám phá Chợ nổi Cái Răng sôi động vào sáng sớm, nơi mọi hoạt động mua bán diễn ra trên sông. Thăm quan Bến Ninh Kiều thơ mộng, khám phá các miệt vườn trái cây trĩu quả và các cù lao yên bình. Cần Thơ mang lại một không gian du lịch miệt vườn, sinh thái gần gũi, khác biệt hoàn toàn so với các thành phố lớn khác.","'Văn hóa Lúa nước, Hào sảng và Đờn ca Tài tử' - Văn hóa Cần Thơ gắn liền với cuộc sống trên sông nước, thể hiện sự hồn hậu, chất phác và giàu lòng mến khách. Nghệ thuật Đờn ca Tài tử Nam Bộ (Di sản văn hóa phi vật thể) là một phần không thể thiếu. Ẩm thực đặc trưng với các món dân dã, chế biến từ sản vật sông nước như Bánh xèo miền Tây, Cá lóc nướng trui và các loại trái cây nhiệt đới tươi ngon, phong phú.","'Hào sảng, chất phác và chân tình' - Người Cần Thơ và miền Tây nổi tiếng với tính cách chân thật, phóng khoáng và hào sảng. Họ sống rất tình cảm, nhiệt tình, luôn mở lòng chào đón du khách. Lối sống giản dị, gần gũi với thiên nhiên, luôn tạo cảm giác ấm áp và thân thương cho những ai ghé thăm.","'Gắn kết với thiên nhiên và tiện nghi hiện đại' - Hệ thống lưu trú ở Cần Thơ đa dạng, từ các khách sạn hiện đại, tiêu chuẩn quốc tế tại khu vực trung tâm (gần Bến Ninh Kiều) phục vụ khách công tác, đến các khu nghỉ dưỡng sinh thái, homestay nằm sâu trong các cù lao hoặc miệt vườn. Hình thức lưu trú tại vườn cây ăn trái mang lại trải nghiệm độc đáo, giúp du khách hòa mình vào không gian xanh mát của miền Tây.","https://baocantho.com.vn/image/fckeditor/upload/2025/20250927/images/T3a-1-BSS.webp","https://cdn.vntrip.vn/cam-nang/wp-content/uploads/2017/08/1-3.jpg","https://photo.znews.vn/w660/Uploaded/qhj_pwqvdvicbu/2019_06_04/4_2.jpg","https://www.vietnambooking.com/wp-content/uploads/2021/11/Khach-san-3-sao-Can-Tho-2.jpg"
Huế,"'Huế - Cố đô trầm mặc và di sản vương triều' - Huế là trung tâm của triều đại phong kiến cuối cùng, nổi tiếng với Quần thể Di tích Cố đô Huế được UNESCO công nhận là Di sản Thế giới. Du khách sẽ khám phá Đại Nội uy nghi, các Lăng tẩm hoàng gia mang kiến trúc độc đáo, và Chùa Thiên Mụ thanh tịnh. Trải nghiệm thú vị là ngồi thuyền rồng nghe Ca Huế trên Sông Hương thơ mộng. Huế mang vẻ đẹp cổ kính, thâm trầm, là nơi lý tưởng cho du lịch lịch sử và tâm linh.","'Tinh hoa văn hóa cung đình và ẩm thực hoàng gia' - Văn hóa Huế là sự kết tinh của văn hóa cung đình và văn hóa dân gian, được bảo tồn rất nghiêm ngặt. Nhã nhạc cung đình Huế là một kiệt tác di sản văn hóa phi vật thể. Ẩm thực Huế vô cùng tinh tế và đa dạng, từ các món ăn cung đình cầu kỳ đến các món ăn dân dã, chay tịnh và các loại bánh truyền thống độc đáo như Bánh Bột Lọc, Bánh Nậm.","'Nhã nhặn, dịu dàng và trọng lễ nghĩa' - Người Huế nổi tiếng với phong thái nhã nhặn, dịu dàng trong lời ăn tiếng nói và cách ứng xử. Họ sống trọng lễ nghĩa, giữ gìn nếp nhà và các giá trị truyền thống. Tính cách trầm tĩnh, sâu lắng của người dân phản ánh nhịp sống chậm rãi và không gian cổ kính của Cố đô.","'Cổ điển và hài hòa với không gian di sản' - Hệ thống khách sạn tại Huế đa dạng, bao gồm các khách sạn cổ điển kiểu Pháp, các khách sạn hiện đại nằm dọc bờ sông Hương, và các khu nghỉ dưỡng yên tĩnh. Nhiều cơ sở lưu trú được thiết kế để hài hòa với kiến trúc Cố đô, mang lại không gian thư thái, trang trọng. Việc lựa chọn nơi ở ven sông sẽ mang lại trải nghiệm ngắm cảnh đêm Huế vô cùng lãng mạn.","https://media.vietravel.com/images/Content/dia-diem-du-lich-hue-01.jpg","https://static-image.adavigo.com/uploads/545ecfaf-fabd-4f67-91fb-a85fbb94112a.jpg","https://vanhoc.net/wp-content/uploads/2023/11/net-dep-van-hoa-con-nguoi-xu-hue.jpg","https://www.vietnambooking.com/wp-content/uploads/2019/05/top-5-khach-san-tren-duong-le-loi-hue-duoc-yeu-thich-4.jpg"
Quy Nhơn,"'Quy Nhơn - Nàng thơ biển cả hoang sơ và kỳ vĩ' - Quy Nhơn đang nổi lên như một điểm đến biển đảo mới đầy hấp dẫn, nổi tiếng với vẻ đẹp hoang sơ và hùng vĩ. Khám phá Eo Gió với con đường đi bộ ven biển ngoạn mục, lặn ngắm san hô tại Kỳ Co, được ví như Maldives của Việt Nam. Du khách còn có thể thăm Ghềnh Ráng Tiên Sa và Mộ Hàn Mặc Tử. Quy Nhơn là nơi lý tưởng để kết hợp du lịch biển, sinh thái và văn hóa lịch sử.","'Tinh thần thượng võ và di sản Chăm Pa' - Văn hóa Quy Nhơn gắn liền với truyền thống võ cổ truyền Bình Định và tinh thần thượng võ của vùng đất Tây Sơn. Nơi đây vẫn còn lưu giữ nhiều di tích Chăm Pa quan trọng như Tháp Đôi. Ẩm thực Quy Nhơn độc đáo với hải sản tươi ngon, cùng các món ăn bình dị nhưng hấp dẫn như Bánh xèo tôm nhảy và Bún chả cá.","'Chân thành, mộc mạc và kiên cường' - Người dân Quy Nhơn nổi tiếng với sự chân thành, mộc mạc và hiếu khách của người miền Trung. Họ có tinh thần kiên cường, vượt qua khó khăn và luôn nhiệt tình chia sẻ về cảnh đẹp, văn hóa của quê hương mình với du khách.","'Phát triển mạnh mẽ với các tổ hợp nghỉ dưỡng' - Hệ thống lưu trú ở Quy Nhơn đang phát triển nhanh chóng, bao gồm các tổ hợp khách sạn và resort 5 sao lớn dọc theo bờ biển, mang lại sự tiện nghi và dịch vụ cao cấp. Bên cạnh đó, các khách sạn trung tâm cũng cung cấp nhiều lựa chọn chất lượng, thuận tiện cho việc di chuyển và khám phá các điểm tham quan nội thành.","https://static-images.vnncdn.net/files/publish/2022/7/22/280762356-359581132902753-2117815975823559575-n-1225.jpg","https://www.cet.edu.vn/wp-content/uploads/2019/01/le-hoi-dong-da.jpg","https://www.dulichvtv.com/wp-content/uploads/2018/07/van-hoa-quy-nhon-mua-cheo-ba-trao1.jpg","https://www.kientrucapollo.vn/uploads/43/khach-san-nha-hang-1/11-9/khach-san-dep-5-sao-o-quy-nhon-1.jpg"
Phan Thiết,"'Phan Thiết - Thủ phủ resort và những đồi cát đa sắc' - Phan Thiết (Mũi Né) nổi tiếng là trung tâm nghỉ dưỡng với bãi biển dài, nắng ấm và những kỳ quan thiên nhiên độc đáo. Trải nghiệm không thể bỏ qua là chinh phục Đồi Cát Bay (Đồi Hồng), nơi cát thay đổi hình dáng hàng giờ, và thăm Suối Tiên kỳ ảo. Du khách còn có thể khám phá Hải đăng Kê Gà cổ kính và tham quan các làng chài truyền thống để hiểu hơn về đời sống ngư dân.","'Văn hóa biển và tinh hoa nước mắm' - Văn hóa Phan Thiết gắn liền với biển và nghề làm nước mắm, đặc sản nổi tiếng nhất cả nước. Làng chài Mũi Né là nơi thể hiện rõ nét đời sống văn hóa biển. Ngoài ra, tỉnh còn lưu giữ dấu tích văn hóa Chăm Pa qua các di tích như Tháp Poshanư. Các lễ hội truyền thống gắn liền với biển cả được tổ chức thường xuyên.","'Chất phác, chịu khó và cởi mở' - Người dân Phan Thiết mang nét chất phác, thật thà của người miền biển và sự cởi mở của một trung tâm du lịch. Họ chăm chỉ làm nghề chài lưới, sản xuất nước mắm và làm dịch vụ du lịch, luôn mang lại sự thoải mái cho du khách.","'Thiên đường resort ven biển' - Phan Thiết nổi tiếng với chuỗi resort, bungalow kéo dài dọc bãi biển Mũi Né, mang đến trải nghiệm nghỉ dưỡng riêng tư và tiện nghi. Các cơ sở lưu trú thường có thiết kế mở, hòa mình với thiên nhiên, với bể bơi và khu vườn rộng lớn, phục vụ hoàn hảo cho nhu cầu thư giãn, tránh xa sự ồn ào của thành phố.","https://vietnamtouristvn.com/thumbs/1009x673x2/upload/product/screenshot_1684489175-1388.png","https://www.dulichvtv.com/wp-content/uploads/2018/07/van-hoa-phan-thiet-thap-champa.jpg","https://www.dulichvtv.vn/wp-content/uploads/con-nguoi-phan-thiet.jpg","https://dynamic-media-cdn.tripadvisor.com/media/photo-o/19/eb/3f/b3/the-cliff-resort-residences.jpg?w=1200&h=-1&s=1"
Hạ Long,"'Hạ Long - Kỳ quan Thiên nhiên Thế giới trên mặt biển' - Vịnh Hạ Long, Di sản Thế giới được công nhận, là điểm đến không thể bỏ qua với hàng ngàn đảo đá vôi và hang động tuyệt đẹp (như Hang Sửng Sốt, Hang Đầu Gỗ). Trải nghiệm đặc sắc nhất là nghỉ đêm trên các Du thuyền 5 sao để ngắm cảnh, chèo thuyền kayak và khám phá các hòn đảo. Thành phố còn có khu giải trí hiện đại Sun World và Bảo tàng Quảng Ninh với kiến trúc độc đáo.","'Văn hóa biển và sự hùng vĩ của vùng đất mỏ' - Văn hóa Hạ Long gắn liền với vùng đất mỏ than và biển cả. Truyền thống khai thác than đã tạo nên một bản sắc riêng, mạnh mẽ. Ẩm thực nổi tiếng với hải sản tươi ngon, đặc biệt là Chả mực Hạ Long, một đặc sản không thể thiếu. Các lễ hội truyền thống, đặc biệt là lễ hội tâm linh tại khu vực Yên Tử (gần đó) cũng thu hút nhiều du khách.","'Năng động, cởi mở và tự hào về di sản' - Người Hạ Long mang nét phóng khoáng, mạnh mẽ của người miền biển và cởi mở, năng động của một trung tâm du lịch, kinh tế. Họ có tinh thần sáng tạo và nhanh nhẹn trong kinh doanh, phát triển dịch vụ. Họ rất tự hào về kỳ quan thiên nhiên Vịnh Hạ Long và luôn sẵn lòng quảng bá, chia sẻ vẻ đẹp này với thế giới. Tác phong làm việc chuyên nghiệp, nhưng vẫn giữ được sự thẳng thắn và nhiệt tình của người dân vùng Đông Bắc.","'Đẳng cấp trên đất liền và trên mặt biển' - Hạ Long cung cấp hai loại hình lưu trú chính: các khách sạn, resort cao cấp trên đất liền (tập trung tại Bãi Cháy) với tiện nghi hiện đại; và đặc biệt là các du thuyền nghỉ đêm (cruise) trên Vịnh, mang lại trải nghiệm lưu trú độc đáo, sang trọng giữa không gian thiên nhiên kỳ vĩ.","https://cdn.nhandan.vn/images/1ef398c4e2fb4bf07980a2ded785b3ef6da51f0c0ad991901283c66f347bc9e4685e90a6d43591956557c1247283a022cf57c2a816edb3be3cd0e904b555bd11/halongbay-3501.jpg","https://media.baoquangninh.com.vn/dataimages/202012/original/images1460752_anh_7.jpg","https://static.tuoitre.vn/tto/i/s626/2014/10/31/pW7REkAv.jpg","https://www.peonycruises.com/vn/wp-content/uploads/2024/12/Vinpearl-Resort-Halong.jpg"
Thanh Hóa,"'Thanh Hóa - Vùng đất Địa linh nhân kiệt và du lịch đa dạng' - Thanh Hóa là sự kết hợp giữa du lịch biển (Sầm Sơn nổi tiếng), du lịch lịch sử và du lịch sinh thái. Khám phá Thành nhà Hồ (Di sản Thế giới) với kiến trúc đá độc đáo, Khu di tích Lam Kinh và Suối Cá Thần Cẩm Lương. Vườn Quốc gia Bến En mang đến không gian sinh thái hoang sơ. Thanh Hóa thu hút du khách bởi sự đa dạng về cảnh quan và bề dày lịch sử.","'Cái nôi lịch sử và tinh hoa nghệ thuật truyền thống' - Văn hóa Thanh Hóa là nơi giao thoa của văn hóa Bắc Bộ và Trung Bộ, là cái nôi của nhiều triều đại phong kiến. Nơi đây lưu giữ nhiều di tích lịch sử và là quê hương của nhiều làn điệu dân ca truyền thống. Ẩm thực nổi bật với các món ăn dân dã, chế biến từ sản vật địa phương như Nem chua Thanh Hóa, Bánh cuốn và các món ăn đặc trưng khác của miền Bắc Trung Bộ.","'Cần cù, kiên cường và giàu truyền thống' - Người Thanh Hóa nổi tiếng với sự cần cù, chịu khó và kiên cường vượt qua khó khăn. Họ có truyền thống hiếu học và tinh thần tự lập cao. Tính cách của họ mang nét mộc mạc, thẳng thắn và rất trọng tình nghĩa. Họ giữ gìn nếp sống văn hóa truyền thống của vùng Bắc Trung Bộ, là một cộng đồng mạnh mẽ, luôn đoàn kết và đầy nhiệt huyết.","'Phục vụ du lịch biển và lịch sử: Hệ thống khách sạn tập trung đông đảo nhất tại khu vực Sầm Sơn, chủ yếu là các khách sạn tiêu chuẩn phục vụ khách du lịch nội địa vào mùa hè. Tại thành phố Thanh Hóa và các khu vực lân cận, có các khách sạn phục vụ khách công tác và du lịch khám phá di sản, đảm bảo tiện nghi cơ bản và chất lượng dịch vụ tốt.","https://bcp.cdnchinhphu.vn/334894974524682240/2023/2/27/thanhphothanhhoa-16774897649251166490864.jpg","https://mia.vn/media/uploads/blog-du-lich/top-11-le-hoi-thanh-hoa-mang-dam-net-dep-van-hoa-mien-trung-08-1680955731.jpeg","https://images.baodantoc.vn/uploads/2022/Th%C3%A1ng%205/Ng%C3%A0y_13/NGOC/Ch%E1%BB%8B%20L%C3%AA%20Th%E1%BB%8B%20H%C6%B0%C6%A1ng%20l%C3%A0%20%20ng%C6%B0%E1%BB%9Di%20y%C3%AAu%20v%C4%83n%20h%C3%B3a%20M%C6%B0%E1%BB%9Dng.jpg","https://www.vietnambooking.com/wp-content/uploads/2021/02/khach-san-tai-thanh-hoa-5.jpg"
Quảng Ninh,"'Trung tâm du lịch đa sắc thái' - Quảng Ninh không chỉ có Vịnh Hạ Long, mà còn là một tỉnh đa dạng với Yên Tử (trung tâm Phật giáo Trúc Lâm), các đảo hoang sơ như Cô Tô, Quan Lạn và khu vực Cửa khẩu Móng Cái. Du khách có thể kết hợp giữa khám phá kỳ quan thiên nhiên, du lịch tâm linh trang nghiêm và du lịch giải trí hiện đại tại các tổ hợp vui chơi.","'Văn hóa vùng mỏ và tinh hoa Phật giáo' - Văn hóa Quảng Ninh là sự hòa quyện giữa văn hóa miền biển, văn hóa các dân tộc vùng Đông Bắc và văn hóa Phật giáo tại Yên Tử. Lối sống mạnh mẽ, chất phác của người dân vùng mỏ tạo nên một bản sắc riêng. Ẩm thực phong phú với hải sản và các đặc sản vùng núi.","'Năng động, mạnh mẽ và cởi mở' - Người Quảng Ninh có tính cách năng động, cởi mở và thực tế, phản ánh sự phát triển kinh tế mạnh mẽ của tỉnh. Họ mang nét mạnh mẽ, phóng khoáng của người miền biển và vùng mỏ, nhiệt tình trong giao thương và dịch vụ. Họ rất tự hào về Vịnh Hạ Long và Yên Tử, luôn có tinh thần đoàn kết và sáng tạo để phát triển du lịch và kinh tế địa phương.","'Đa dạng từ du thuyền đến resort 5 sao' - Hệ thống lưu trú phong phú, từ các khách sạn cao cấp, tổ hợp resort lớn tại Hạ Long, đến các du thuyền nghỉ đêm trên Vịnh mang lại trải nghiệm độc quyền. Các đảo Cô Tô, Quan Lạn cũng có nhiều khách sạn và nhà nghỉ tiêu chuẩn phục vụ du lịch khám phá biển đảo.","https://vnanet.vn/Data/Articles/2022/03/08/5988376/vna_potal_quang_ninh_tich_cuc_chuan_bi_cac_dieu_kien_cho_sea_games_31_stand.jpg","https://file3.qdnd.vn/data/images/0/2023/12/05/upload_2324/hoibachdang629101218am.jpg?dpi=150&quality=100&w=870","https://media.vov.vn/sites/default/files/styles/large_watermark/public/2023-10/hai_nghe_nhan_then_huyen_ba_che_tinh_quang_ninh_be_thi_chau_xa_dap_thanh_ben_phai_tran_thi_luong_xa_thanh_lam_ben_trai_trong_nghi_le_tai_hien_then_cau_mua_cau_an.jpg","https://cdn2.vietnambooking.com/wp-content/uploads/hotel_pro/hotel_342640/c4d54011ce6f239b19f1c8c500d6f089.jpg"
Phan Rang,"'Vùng đất nắng gió, hoang sơ và văn hóa Chăm' - Phan Rang (Ninh Thuận) cuốn hút bởi cảnh quan khô hạn độc đáo, các bãi biển hoang sơ như Ninh Chữ và tuyệt tác thiên nhiên Vịnh Vĩnh Hy. Nơi đây là thủ phủ của cây nho, du khách có thể thăm các vườn nho và thưởng thức rượu vang địa phương. Điểm nhấn lịch sử là các Tháp Chăm cổ kính (Pô Klông Garai) còn nguyên vẹn, mang lại cái nhìn sâu sắc về nền văn minh Chăm Pa.","'Di sản Chăm Pa rực rỡ và nghệ thuật thủ công' - Văn hóa Phan Rang mang đậm dấu ấn của dân tộc Chăm, nổi bật với nghệ thuật múa Apsara, các lễ hội truyền thống và nghề dệt thổ cẩm, làm gốm thủ công (gốm Bàu Trúc). Nơi đây vẫn duy trì các phong tục, tập quán cổ xưa của người Chăm, tạo nên một bản sắc văn hóa độc nhất.","'Chịu khó, kiên nhẫn và hiền hòa' - Người dân Phan Rang, bao gồm cả người Kinh và người Chăm, nổi tiếng với sự chịu thương, chịu khó và kiên nhẫn thích nghi với điều kiện khí hậu khắc nghiệt. Người Chăm giữ được sự hiền hòa, chất phác và bảo thủ (theo nghĩa tích cực là bảo tồn) các giá trị văn hóa độc đáo. Họ sống hòa thuận, tôn trọng sự khác biệt văn hóa, tạo nên một cộng đồng đa sắc tộc cởi mở nhưng rất kín đáo và tôn trọng truyền thống.","'Nghỉ dưỡng biệt lập và trải nghiệm sinh thái' - Hệ thống lưu trú gồm các resort cao cấp, biệt lập tại khu vực Vịnh Vĩnh Hy và bãi biển Ninh Chữ. Các homestay và farmstay tại các vườn nho đang trở thành xu hướng, mang lại trải nghiệm nghỉ dưỡng gần gũi với thiên nhiên và văn hóa bản địa độc đáo.","https://pystravel.vn/_next/image?url=https%3A%2F%2Fbooking.pystravel.vn%2Fuploads%2Fposts%2Favatar%2F1745203434.jpg&w=3840&q=75","https://media.ninhthuantourism.vn/resources/portal/Images/NTN/dulichninhthuan/tintuc/diem_den_van_hoa_dac_sac_o_ninh_thuan4_748086604.jpg","https://phuongnam.vanhoavaphattrien.vn/uploads/images/q22019//news_1560158405.png","https://cdn2.vietnambooking.com/wp-content/uploads/hotel_pro/hotel_355790/9e5547189288b1b9be2de9029f20b902.jpg"
Mộc Châu,"'Cao nguyên xanh và những mùa hoa' - Mộc Châu là cao nguyên xinh đẹp ở Sơn La, nổi tiếng với những đồi chè xanh mướt hình trái tim và những thảm hoa mận, hoa cải trắng rực rỡ vào mùa xuân. Khám phá Thác Dải Yếm lãng mạn và các bản làng dân tộc (Tả Phình). Du lịch Mộc Châu là sự kết hợp hoàn hảo giữa du lịch sinh thái, chụp ảnh và khám phá văn hóa cộng đồng.","'Bản sắc núi rừng và văn hóa nông nghiệp' - Văn hóa Mộc Châu là sự giao thoa giữa các dân tộc Thái, H'Mông và văn hóa nông trường chè, sữa. Nổi bật là các lễ hội truyền thống, trang phục thổ cẩm và ẩm thực vùng cao độc đáo như Bê chao, Cá suối nướng và các sản phẩm từ sữa bò tươi nguyên chất.","'Chất phác, mộc mạc và chân tình' - Người Mộc Châu, chủ yếu là người Thái và H'Mông, nổi tiếng với sự chất phác, mộc mạc và hiền lành. Họ sống rất gần gũi với thiên nhiên, duy trì lối sống cộng đồng và luôn sẵn lòng chia sẻ văn hóa, cuộc sống với du khách. Tinh thần cần cù trong lao động sản xuất chè và trồng trọt là đặc điểm nổi bật. Họ là cộng đồng mến khách và luôn tươi cười chào đón những người bạn đến từ miền xuôi.","'Gần gũi thiên nhiên và homestay độc đáo' - Hệ thống lưu trú tại Mộc Châu chủ yếu là các homestay và nhà nghỉ ấm cúng nằm giữa các đồi chè hoặc trong bản làng, mang lại trải nghiệm chân thực. Các resort, bungalow cũng đang phát triển, chú trọng vào thiết kế hòa hợp với cảnh quan thiên nhiên, phục vụ nhu cầu nghỉ dưỡng thư giãn.","https://www.vietnambooking.com/wp-content/uploads/2019/08/moc-chau-la-o-dau-1-520x390.jpg","https://media.baosonla.org.vn/public/hieupt/2023-04-02/67.jpg","https://mia.vn/media/uploads/blog-du-lich/tim-hieu-ve-dong-bao-dan-toc-hmong-o-moc-chau-1-1645536272.jpg","https://hellotrip.vn/wp-content/uploads/2024/01/khach-san-doan-tau-moc-chau-moc-chau-island-70155.jpg"
Tam Đảo,"'Phố núi mờ sương và kiến trúc cổ kính' - Được mệnh danh là Đà Lạt của miền Bắc, Tam Đảo là khu nghỉ dưỡng trên núi với khí hậu mát mẻ, sương mù bao phủ quanh năm. Điểm nhấn là Nhà thờ đá Tam Đảo mang kiến trúc Gothic cổ kính, Cổng Trời và các đỉnh núi hùng vĩ. Nơi đây lý tưởng cho các hoạt động dã ngoại, săn mây và nghỉ dưỡng cuối tuần với không gian yên tĩnh, trong lành.","'Văn hóa nghỉ dưỡng kiểu Pháp và không gian tâm linh' - Tam Đảo mang đậm dấu ấn kiến trúc và văn hóa nghỉ dưỡng từ thời Pháp thuộc, thể hiện qua các biệt thự cổ. Nơi đây còn là trung tâm tâm linh với Đền Bà Chúa Thượng Ngàn trên đỉnh núi. Ẩm thực nổi tiếng với các món ăn từ su su và rau tươi đặc trưng của vùng núi.","'Trầm tĩnh, bình dị và hiếu khách' - Người dân Tam Đảo có tính cách trầm tĩnh, bình dị và hòa nhã, phù hợp với không gian yên bình của phố núi. Họ sống chủ yếu dựa vào dịch vụ du lịch và nông nghiệp, có phong thái lịch sự và hiếu khách. Nhịp sống chậm rãi, không quá xô bồ, tạo nên sự gần gũi và thoải mái cho du khách.","'Kiến trúc độc đáo và tầm nhìn panorama: Hệ thống khách sạn, resort ở Tam Đảo đa dạng, từ các khách sạn cổ điển mang vẻ đẹp thời gian đến các villa và resort hiện đại với thiết kế độc đáo, tận dụng tối đa tầm nhìn toàn cảnh ra núi rừng. Các cơ sở lưu trú thường có khu vực ban công rộng để du khách có thể ngắm sương mù và mây trời.","https://mtcs.1cdn.vn/2023/03/20/tam-dao-vinh-phuc-co-gi-hay-h4.jpg","https://vanhoavaphattrien.vn/uploads/images/2022/05/04/van-hoa-dao-tao10-1651630139.jpg","https://cdnmedia.baotintuc.vn/2015/02/15/16/14/thieunusandiuvinhphuc.jpg","https://dynamic-media-cdn.tripadvisor.com/media/photo-o/2b/38/88/9d/caption.jpg?w=1200&h=-1&s=1"
Côn Đảo,"'Hòn đảo lịch sử, tâm linh và vẻ đẹp nguyên sơ: Côn Đảo là quần đảo nổi tiếng với giá trị lịch sử bi tráng tại Nhà tù Côn Đảo và Nghĩa trang Hàng Dương. Bên cạnh đó, nơi đây còn sở hữu vẻ đẹp thiên nhiên hoang sơ tuyệt vời với bãi biển Đầm Trầu, Hòn Bảy Cạnh (nơi rùa biển đẻ trứng) và hệ sinh thái biển phong phú, lý tưởng cho lặn biển và khám phá thiên nhiên.","'Lịch sử bi tráng và truyền thống tâm linh' - Văn hóa Côn Đảo gắn liền với lịch sử đấu tranh của dân tộc. Du lịch tâm linh, tưởng niệm các anh hùng là một phần quan trọng. Người dân địa phương có ý thức cao trong việc bảo tồn di tích và thiên nhiên. Ẩm thực đặc trưng với hải sản tươi ngon, đặc biệt là món ăn từ Ốc Vú Nàng.","'Giản dị, chân thành và tôn kính lịch sử' - Người dân Côn Đảo được biết đến với sự giản dị, chân thành và lòng tôn kính sâu sắc đối với lịch sử. Họ có ý thức cao trong việc bảo tồn thiên nhiên và di tích. Cuộc sống nơi đảo xa tạo nên tính cách kiên nhẫn, hòa nhã và rất tử tế trong giao tiếp. Họ chào đón du khách với thái độ nghiêm cẩn nhưng rất chân thật và ấm áp.","'Nghỉ dưỡng cao cấp và bảo tồn thiên nhiên: Côn Đảo là nơi tập trung các khu nghỉ dưỡng (resort) siêu sang, biệt lập với dịch vụ đẳng cấp thế giới, phục vụ phân khúc du lịch nghỉ dưỡng cao cấp. Bên cạnh đó, cũng có các khách sạn và nhà nghỉ tiêu chuẩn phục vụ khách du lịch tâm linh và khám phá, đảm bảo chất lượng dịch vụ tốt.","https://dynamic-media-cdn.tripadvisor.com/media/photo-o/29/b5/44/c4/six-senses-con-dao.jpg?w=900&h=500&s=1","https://luhanhvietnam.com.vn/du-lich/vnt_upload/news/11_2020/le-hoi-truyen-thong-o-con-dao-gio-chung.jpg","https://baobariavungtau.com.vn/dataimages/202103/original/images1653245_con_dao_10.jpg","https://cf.bstatic.com/xdata/images/hotel/max1024x768/374455432.jpg?k=34b3bd5b7fcf26f29e26a0352e87f1097674916eaf025f0c4103fa911f6d3609&o="
